{"arrayPar":
[
	3,
	3,
	3,
	3,
	3,
	3
],
"arrayPosition":[
	[43.648702,1.537211],
	[43.648076,1.537066],
	[43.646572,1.536267],
	[43.646374,1.53441],
	[43.646901,1.535988],
	[43.647835,1.535971]
],
"hcp":[
	1,
	2,
	3,
	4,
	5,
	6
]}