{"arrayPar":
[
	4,
	3,
	3,
	5,
	4,
	4,
	4,
	4,
	4
],
"arrayPosition":[
	[43.815029,0.640265],
	[43.815841,0.635748],
	[43.815857,0.639482],
	[43.815346,0.644159],
	[43.811491,0.642035],
	[43.812358,0.646434],
	[43.814556,0.644950],
	[43.817111,0.641863],
	[43.815671,0.644263]
],
"hcp":[
	4,
	7,
	2,
	5,
	8,
	6,
	3,
	1,
	9
]}