{"arrayPar":
[
	3,
	3,
	3,
	3,
	3,
	3,
	3,
	3,
	3
],
"arrayPosition":[
	[43.576802,1.361933],
	[43.577446,1.360842],
	[43.577741,1.360234],
	[43.577267,1.359680],
	[43.576846,1.359176],
	[43.576136,1.358365],
	[43.575342,1.357896],
	[43.574882,1.358508],
	[43.574843,1.359159]
],
"hcp":[
	1,
	2,
	3,
	4,
	5,
	6,
	7,
	8,
	9
]}