{"arrayPar":
[
5,
	3,
	4,
	4,
	4,
	4,
	4,
	4,
	3
],
"arrayPosition":[
[43.63973 ,1.107873],
	[43.639362,1.109619],
	[43.637154,1.10596 ],
	[43.638587,1.110241],
	[43.636219,1.111823],
	[43.634961,1.109205],
	[43.637768,1.110316],
	[43.637772,1.110289],
	[43.636673,1.105858]
],
"hcp":[
4,
	6,
	1,
	8,
	3,
	7,
	2,
	5,
	9
]}